<?xml version='1.0' encoding='UTF-8'?>
<description   xmlns="http://openoffice.org/extensions/description/2006"   xmlns:dep="http://openoffice.org/extensions/description/2006"   xmlns:xlink="http://www.w3.org/1999/xlink">
    <identifier value="SilverGreen93.DarkGray"/>
    <version value="2.0"/>
    <registration>
        <simple-license accept-by="admin" default-license-id="ID0" suppress-on-update="true" >
            <license-text xlink:href="registration/license.txt" lang="en" license-id="ID0" />
        </simple-license>
    </registration>
    <publisher>
        <name xlink:href="https://github.com/SilverGreen93">SilverGreen93</name>
    </publisher>
    <display-name>
        <name>Dark Gray</name>
    </display-name>
    <icon>
        <default xlink:href="logo.png"/>
    </icon>
</description>
