{"version":1,"resource":"file:///home/dya/.config/hypr/autostart.conf","entries":[{"id":"Vidd.conf","source":"undoRedo.source","timestamp":1760279510201},{"id":"BpzD.conf","timestamp":1760280679128},{"id":"26jZ.conf","timestamp":1760282375045},{"id":"DnLa.conf","timestamp":1760283227528},{"id":"5Y6D.conf","timestamp":1760283683405},{"id":"VeBM.conf","timestamp":1760285686786},{"id":"R8qy.conf","timestamp":1760285812683},{"id":"8UUV.conf","timestamp":1760738391708},{"id":"d6Tu.conf","source":"undoRedo.source","timestamp":1760738410394}]}