{
 "Week": "2025-09-25",
 "LastWeek": "",
 "X": 0.4934059521169498,
 "Programs": [
  {
   "Program": "cmd/asm",
   "Version": "devel",
   "GoVersion": "devel",
   "GOOS": "linux",
   "GOARCH": "amd64",
   "Counters": {
    "asm/flag:D": 87,
    "asm/flag:I": 87,
    "asm/flag:gensymabis": 33,
    "asm/flag:o": 87,
    "asm/flag:p": 87,
    "asm/flag:shared": 87,
    "asm/flag:trimpath": 87,
    "asm/invocations": 87
   },
   "Stacks": {}
  },
  {
   "Program": "cmd/cgo",
   "Version": "devel",
   "GoVersion": "devel",
   "GOOS": "linux",
   "GOARCH": "amd64",
   "Counters": {
    "cgo/flag:dynimport": 4,
    "cgo/flag:dynlinker": 1,
    "cgo/flag:dynout": 4,
    "cgo/flag:dynpackage": 4,
    "cgo/flag:import_runtime_cgo": 1,
    "cgo/flag:import_syscall": 1,
    "cgo/flag:importpath": 4,
    "cgo/flag:ldflags": 4,
    "cgo/flag:objdir": 4,
    "cgo/invocations": 8
   },
   "Stacks": {}
  },
  {
   "Program": "cmd/compile",
   "Version": "devel",
   "GoVersion": "devel",
   "GOOS": "linux",
   "GOARCH": "amd64",
   "Counters": {
    "compile/flag:asmhdr": 33,
    "compile/flag:buildid": 246,
    "compile/flag:c": 246,
    "compile/flag:complete": 205,
    "compile/flag:goversion": 246,
    "compile/flag:importcfg": 246,
    "compile/flag:installsuffix": 246,
    "compile/flag:lang": 246,
    "compile/flag:nolocalimports": 246,
    "compile/flag:o": 246,
    "compile/flag:p": 246,
    "compile/flag:pack": 246,
    "compile/flag:shared": 246,
    "compile/flag:std": 192,
    "compile/flag:symabis": 33,
    "compile/flag:trimpath": 246,
    "compile/invocations": 247
   },
   "Stacks": {}
  },
  {
   "Program": "cmd/go",
   "Version": "devel",
   "GoVersion": "devel",
   "GOOS": "linux",
   "GOARCH": "amd64",
   "Counters": {
    "go/build/flag/buildmode:pie": 1,
    "go/build/flag:buildmode": 1,
    "go/build/flag:ldflags": 1,
    "go/build/flag:mod": 1,
    "go/build/flag:modcacherw": 1,
    "go/build/flag:o": 1,
    "go/build/flag:trimpath": 1,
    "go/buildcache/miss": 247,
    "go/buildcache/stdlib-recompiled": 1,
    "go/goroot:usr-lib-go": 1,
    "go/invocations": 1,
    "go/mode:module": 1,
    "go/platform/host/linux/major-version:6": 1,
    "go/platform/host/linux/version:6-16": 1,
    "go/platform/target/goamd64:v1": 1,
    "go/platform/target/goarch:amd64": 1,
    "go/platform/target/goos:linux": 1,
    "go/subcommand:build": 1
   },
   "Stacks": {}
  },
  {
   "Program": "cmd/link",
   "Version": "devel",
   "GoVersion": "devel",
   "GOOS": "linux",
   "GOARCH": "amd64",
   "Counters": {
    "link/flag:X": 1,
    "link/flag:buildid": 1,
    "link/flag:buildmode": 1,
    "link/flag:compressdwarf": 1,
    "link/flag:extld": 1,
    "link/flag:importcfg": 1,
    "link/flag:installsuffix": 1,
    "link/flag:linkmode": 1,
    "link/flag:o": 1,
    "link/invocations": 2
   },
   "Stacks": {}
  }
 ],
 "Config": "v0.0.0-0"
}