{
    "ingests": [
        {
            "_id": 0,
            "availability": 1.0,
            "default": false,
            "name": "Default",
            "url_template": "rtmp://ingest.global-contribute.live-video.net/app/{stream_key}",
            "url_template_secure": "rtmps://ingest.global-contribute.live-video.net/app/{stream_key}",
            "priority": 0
        },
        {
            "_id": 1,
            "availability": 1.0,
            "default": false,
            "name": "Europe: Spain, Madrid (1)",
            "url_template": "rtmp://mad01.contribute.live-video.net/app/{stream_key}",
            "url_template_secure": "rtmps://mad01.contribute.live-video.net/app/{stream_key}",
            "priority": 1
        },
        {
            "_id": 2,
            "availability": 1.0,
            "default": false,
            "name": "Europe: Italy, Milan (2)",
            "url_template": "rtmp://mil02.contribute.live-video.net/app/{stream_key}",
            "url_template_secure": "rtmps://mil02.contribute.live-video.net/app/{stream_key}",
            "priority": 2
        },
        {
            "_id": 3,
            "availability": 1.0,
            "default": false,
            "name": "Europe: France, Paris (30)",
            "url_template": "rtmp://euw30.contribute.live-video.net/app/{stream_key}",
            "url_template_secure": "rtmps://euw30.contribute.live-video.net/app/{stream_key}",
            "priority": 3
        },
        {
            "_id": 4,
            "availability": 1.0,
            "default": false,
            "name": "Europe: Frankfurt (10)",
            "url_template": "rtmp://euc10.contribute.live-video.net/app/{stream_key}",
            "url_template_secure": "rtmps://euc10.contribute.live-video.net/app/{stream_key}",
            "priority": 4
        },
        {
            "_id": 5,
            "availability": 1.0,
            "default": false,
            "name": "Europe: UK, London (3)",
            "url_template": "rtmp://lhr03.contribute.live-video.net/app/{stream_key}",
            "url_template_secure": "rtmps://lhr03.contribute.live-video.net/app/{stream_key}",
            "priority": 5
        },
        {
            "_id": 6,
            "availability": 1.0,
            "default": false,
            "name": "Europe West: Ireland (10)",
            "url_template": "rtmp://euw10.contribute.live-video.net/app/{stream_key}",
            "url_template_secure": "rtmps://euw10.contribute.live-video.net/app/{stream_key}",
            "priority": 6
        },
        {
            "_id": 7,
            "availability": 1.0,
            "default": false,
            "name": "Europe: Sweden, Stockholm (10)",
            "url_template": "rtmp://eun10.contribute.live-video.net/app/{stream_key}",
            "url_template_secure": "rtmps://eun10.contribute.live-video.net/app/{stream_key}",
            "priority": 7
        },
        {
            "_id": 8,
            "availability": 1.0,
            "default": false,
            "name": "US East: Ashburn, VA (10)",
            "url_template": "rtmp://use10.contribute.live-video.net/app/{stream_key}",
            "url_template_secure": "rtmps://use10.contribute.live-video.net/app/{stream_key}",
            "priority": 8
        },
        {
            "_id": 9,
            "availability": 1.0,
            "default": false,
            "name": "Asia: India, Mumbai (30)",
            "url_template": "rtmp://aps30.contribute.live-video.net/app/{stream_key}",
            "url_template_secure": "rtmps://aps30.contribute.live-video.net/app/{stream_key}",
            "priority": 9
        },
        {
            "_id": 10,
            "availability": 1.0,
            "default": false,
            "name": "US East: Ohio (20)",
            "url_template": "rtmp://use20.contribute.live-video.net/app/{stream_key}",
            "url_template_secure": "rtmps://use20.contribute.live-video.net/app/{stream_key}",
            "priority": 10
        },
        {
            "_id": 11,
            "availability": 1.0,
            "default": false,
            "name": "South America: Brazil, Sao Paulo (10)",
            "url_template": "rtmp://sae10.contribute.live-video.net/app/{stream_key}",
            "url_template_secure": "rtmps://sae10.contribute.live-video.net/app/{stream_key}",
            "priority": 11
        },
        {
            "_id": 12,
            "availability": 1.0,
            "default": false,
            "name": "US West: Portland, OR (us-west-2)",
            "url_template": "rtmp://usw20.contribute.live-video.net/app/{stream_key}",
            "url_template_secure": "rtmps://usw20.contribute.live-video.net/app/{stream_key}",
            "priority": 12
        },
        {
            "_id": 13,
            "availability": 1.0,
            "default": false,
            "name": "Asia: South Korea, Seoul (20)",
            "url_template": "rtmp://apn20.contribute.live-video.net/app/{stream_key}",
            "url_template_secure": "rtmps://apn20.contribute.live-video.net/app/{stream_key}",
            "priority": 13
        },
        {
            "_id": 14,
            "availability": 1.0,
            "default": false,
            "name": "Asia: China, Hong Kong (6)",
            "url_template": "rtmp://hkg06.contribute.live-video.net/app/{stream_key}",
            "url_template_secure": "rtmps://hkg06.contribute.live-video.net/app/{stream_key}",
            "priority": 14
        },
        {
            "_id": 15,
            "availability": 1.0,
            "default": false,
            "name": "Asia: Taiwan, Taipei (1)",
            "url_template": "rtmp://tpe01.contribute.live-video.net/app/{stream_key}",
            "url_template_secure": "rtmps://tpe01.contribute.live-video.net/app/{stream_key}",
            "priority": 15
        },
        {
            "_id": 16,
            "availability": 1.0,
            "default": false,
            "name": "Asia: Japan, Osaka (1)",
            "url_template": "rtmp://osa01.contribute.live-video.net/app/{stream_key}",
            "url_template_secure": "rtmps://osa01.contribute.live-video.net/app/{stream_key}",
            "priority": 16
        },
        {
            "_id": 17,
            "availability": 1.0,
            "default": false,
            "name": "Asia: Japan, Narita (10)",
            "url_template": "rtmp://apn10.contribute.live-video.net/app/{stream_key}",
            "url_template_secure": "rtmps://apn10.contribute.live-video.net/app/{stream_key}",
            "priority": 17
        },
        {
            "_id": 18,
            "availability": 1.0,
            "default": false,
            "name": "Asia Southeast: Singapore (10)",
            "url_template": "rtmp://aps10.contribute.live-video.net/app/{stream_key}",
            "url_template_secure": "rtmps://aps10.contribute.live-video.net/app/{stream_key}",
            "priority": 18
        },
        {
            "_id": 19,
            "availability": 1.0,
            "default": false,
            "name": "Asia: Manila, Philippines (1)",
            "url_template": "rtmp://mnl01.contribute.live-video.net/app/{stream_key}",
            "url_template_secure": "rtmps://mnl01.contribute.live-video.net/app/{stream_key}",
            "priority": 19
        },
        {
            "_id": 20,
            "availability": 1.0,
            "default": false,
            "name": "Asia Southeast: Sydney (20)",
            "url_template": "rtmp://aps20.contribute.live-video.net/app/{stream_key}",
            "url_template_secure": "rtmps://aps20.contribute.live-video.net/app/{stream_key}",
            "priority": 20
        }
    ]
}
