<?xml version='1.0' encoding='UTF-8'?>
<description   xmlns="http://openoffice.org/extensions/description/2006"   xmlns:dep="http://openoffice.org/extensions/description/2006"   xmlns:xlink="http://www.w3.org/1999/xlink">
    <identifier value="org.extension.sample"/>
    <version value="1.1"/>
    <registration>
        <simple-license accept-by="admin" default-license-id="ID0" suppress-on-update="true" >
            <license-text xlink:href="registration/license.txt" lang="en" license-id="ID0" />
        </simple-license>
    </registration>
    <publisher>
        <name xlink:href="mailto:sahil@libreoffice.org">
            Sahil Gautam
        </name>
    </publisher>
    <display-name>
        <name>Light Application Color Theme</name>
    </display-name>
</description>
