{"version":1,"resource":"file:///home/dya/.config/hypr/look.conf","entries":[{"id":"1jwv.conf","timestamp":1760374976041},{"id":"beJ7.conf","timestamp":1760375127557},{"id":"Wq7b.conf","timestamp":1760375144773},{"id":"oq12.conf","timestamp":1760375170317},{"id":"ggHA.conf","timestamp":1760375190501},{"id":"fpwt.conf","timestamp":1760375224733},{"id":"Gomx.conf","source":"undoRedo.source","timestamp":1760375232805},{"id":"5P67.conf","timestamp":1760375242781},{"id":"pPUo.conf","timestamp":1760375262540}]}