{
    "telemetry.sqmId": "",
    "telemetry.machineId": "c08104f8c96e25e89b448ec9aff3912709b6f79387b2c81a39b81d1efe6d08d5",
    "telemetry.devDeviceId": "f47f58fa-e924-4e78-9526-2cb85cf77fb2",
    "backupWorkspaces": {
        "workspaces": [],
        "folders": [
            {
                "folderUri": "file:///home/dya/.local/bin"
            },
            {
                "folderUri": "file:///home/dya/.config/hypr"
            }
        ],
        "emptyWindows": []
    },
    "windowControlHeight": 30,
    "profileAssociations": {
        "workspaces": {
            "file:///home/dya/.config/hypr": "__default__profile__",
            "file:///home/dya/.config/Code%20-%20OSS": "__default__profile__",
            "file:///home/dya": "__default__profile__",
            "file:///home/dya/dwm": "__default__profile__",
            "file:///home/dya/.config": "__default__profile__",
            "file:///home/dya/.local/bin": "__default__profile__"
        },
        "emptyWindows": {}
    },
    "theme": "vs-dark",
    "themeBackground": "#1f1f1f",
    "windowSplash": {
        "zoomLevel": 0,
        "baseTheme": "vs-dark",
        "colorInfo": {
            "foreground": "#cccccc",
            "background": "#1f1f1f",
            "editorBackground": "#1f1f1f",
            "titleBarBackground": "#181818",
            "titleBarBorder": "#2b2b2b",
            "activityBarBackground": "#181818",
            "activityBarBorder": "#2b2b2b",
            "sideBarBackground": "#181818",
            "sideBarBorder": "#2b2b2b",
            "statusBarBackground": "#181818",
            "statusBarBorder": "#2b2b2b",
            "statusBarNoFolderBackground": "#1f1f1f"
        },
        "layoutInfo": {
            "sideBarSide": "left",
            "editorPartMinWidth": 220,
            "titleBarHeight": 30,
            "activityBarWidth": 48,
            "sideBarWidth": 170,
            "auxiliaryBarWidth": 0,
            "statusBarHeight": 0,
            "windowBorder": false
        }
    },
    "windowsState": {
        "lastActiveWindow": {
            "folder": "file:///home/dya/.config/hypr",
            "backupPath": "/home/dya/.config/Code - OSS/Backups/ca821e16646b9741997583a404b4f8b6",
            "uiState": {
                "mode": 1,
                "x": 10,
                "y": 42,
                "width": 667,
                "height": 716
            }
        },
        "openedWindows": []
    },
    "windowSplashWorkspaceOverride": {
        "layoutInfo": {
            "sideBarWidth": 170,
            "auxiliaryBarWidth": 170,
            "workspaces": {
                "560ea477c11ab3eb6a60ec4e5c89dde1": {
                    "sideBarVisible": true,
                    "auxiliaryBarVisible": false
                },
                "e8846fce78277be108efca038386fad4": {
                    "sideBarVisible": true,
                    "auxiliaryBarVisible": false
                },
                "522b6d1f924a5f0fb3338e72abdfe38b": {
                    "sideBarVisible": true,
                    "auxiliaryBarVisible": false
                },
                "840df15d13d9757be03b899fde6b87ac": {
                    "sideBarVisible": true,
                    "auxiliaryBarVisible": false
                },
                "6afba7ecff2b21d7a229ac96ffe5ba45": {
                    "sideBarVisible": true,
                    "auxiliaryBarVisible": false
                },
                "06813f95df7c1aa5da5333bb82ec0b13": {
                    "sideBarVisible": true,
                    "auxiliaryBarVisible": true
                }
            }
        }
    }
}