{
    "telemetry.sqmId": "",
    "telemetry.machineId": "abf6d267c52d22216d4580765d752a81206565223d522884f53d46a701ad9b31",
    "telemetry.devDeviceId": "c5f1adf0-0396-4d3f-bebe-649ddd65faa1",
    "backupWorkspaces": {
        "workspaces": [],
        "folders": [
            {
                "folderUri": "file:///home/dya/.config/fastfetch"
            }
        ],
        "emptyWindows": []
    },
    "windowControlHeight": 35,
    "profileAssociations": {
        "workspaces": {
            "file:///home/dya/.config/fastfetch": "__default__profile__",
            "file:///home/dya/.config/waybar": "__default__profile__",
            "file:///home/dya/.config/hypr": "__default__profile__",
            "file:///home/dya/.config/fish": "__default__profile__"
        },
        "emptyWindows": {}
    },
    "theme": "vs-dark",
    "themeBackground": "#1f1f1f",
    "windowSplash": {
        "zoomLevel": 0,
        "baseTheme": "vs-dark",
        "colorInfo": {
            "foreground": "#cccccc",
            "background": "#1f1f1f",
            "editorBackground": "#1f1f1f",
            "titleBarBackground": "#181818",
            "titleBarBorder": "#2b2b2b",
            "activityBarBackground": "#181818",
            "activityBarBorder": "#2b2b2b",
            "sideBarBackground": "#181818",
            "sideBarBorder": "#2b2b2b",
            "statusBarBackground": "#181818",
            "statusBarBorder": "#2b2b2b",
            "statusBarNoFolderBackground": "#1f1f1f"
        },
        "layoutInfo": {
            "sideBarSide": "left",
            "editorPartMinWidth": 220,
            "titleBarHeight": 35,
            "activityBarWidth": 48,
            "sideBarWidth": 170,
            "auxiliaryBarWidth": 0,
            "statusBarHeight": 22,
            "windowBorder": false
        }
    },
    "windowsState": {
        "lastActiveWindow": {
            "folder": "file:///home/dya/.config/fastfetch",
            "backupPath": "/home/dya/.config/Code - OSS/Backups/28d3acb93b0cfa54e75834c903a43805",
            "uiState": {
                "mode": 0,
                "x": 0,
                "y": 0,
                "width": 676,
                "height": 384
            }
        },
        "openedWindows": []
    },
    "windowSplashWorkspaceOverride": {
        "layoutInfo": {
            "sideBarWidth": 170,
            "auxiliaryBarWidth": 300,
            "workspaces": {
                "8d18a9c9fed1dc4ac49768c6354d45ea": {
                    "sideBarVisible": false,
                    "auxiliaryBarVisible": false
                },
                "b53b15f41e157cd645e51828501cace6": {
                    "sideBarVisible": true,
                    "auxiliaryBarVisible": false
                },
                "0f5c93bfd7029d38af26af4302e25d5e": {
                    "sideBarVisible": true,
                    "auxiliaryBarVisible": false
                },
                "18f12fd828de0433acfc6c11977f0453": {
                    "sideBarVisible": true,
                    "auxiliaryBarVisible": false
                },
                "eb0cbc38d15bcb5d68b763030070972d": {
                    "sideBarVisible": false,
                    "auxiliaryBarVisible": false
                },
                "4695c37e471f61f1ec439a337054fb68": {
                    "sideBarVisible": true,
                    "auxiliaryBarVisible": false
                },
                "ad7d4e3e7f92cac3bdc3942928173114": {
                    "sideBarVisible": true,
                    "auxiliaryBarVisible": false
                }
            }
        }
    }
}