<?xml version="1.0"?>
<ext:extension-backend-db xmlns:ext="http://openoffice.org/extensionmanager/extension-registry/2010"><ext:extension url="vnd.sun.star.expand:$UNO_USER_PACKAGES_CACHE/uno_packages/lu129191f14i.tmp_/DarkGray.oxt"><ext:extension-items><ext:item><ext:url>vnd.sun.star.expand:$UNO_USER_PACKAGES_CACHE/uno_packages/lu129191f14i.tmp_/DarkGray.oxt/Theme.xcu</ext:url><ext:media-type>application/vnd.sun.star.configuration-data</ext:media-type></ext:item></ext:extension-items></ext:extension><ext:extension url="vnd.sun.star.expand:$UNO_USER_PACKAGES_CACHE/uno_packages/lu129191f14l.tmp_/LightAppColors.oxt"><ext:extension-items><ext:item><ext:url>vnd.sun.star.expand:$UNO_USER_PACKAGES_CACHE/uno_packages/lu129191f14l.tmp_/LightAppColors.oxt/Theme.xcu</ext:url><ext:media-type>application/vnd.sun.star.configuration-data</ext:media-type></ext:item></ext:extension-items></ext:extension></ext:extension-backend-db>
