{"version":1,"resource":"file:///home/dya/.config/waybar/config","entries":[{"id":"pO04","timestamp":1758713745717},{"id":"VBhx","source":"undoRedo.source","timestamp":1758713752411},{"id":"jUNy","timestamp":1758713761323},{"id":"dwez","source":"undoRedo.source","timestamp":1758713767715},{"id":"HlDO","timestamp":1758713797523},{"id":"5xJS","timestamp":1758713821364},{"id":"V9Bm","source":"undoRedo.source","timestamp":1758713825954},{"id":"hvFM","timestamp":1758713833763},{"id":"yGAT","timestamp":1758713862203},{"id":"rOri","timestamp":1758713880299},{"id":"V4aJ","source":"undoRedo.source","timestamp":1758713885083},{"id":"xBHv","timestamp":1758713928939},{"id":"PdxS","timestamp":1758713939411},{"id":"JoAA","source":"undoRedo.source","timestamp":1758713961986}]}