<?xml version="1.1" encoding="UTF-8"?>

<channel name="displays" version="1.0">
  <property name="ActiveProfile" type="string" value="Default"/>
  <property name="Notify" type="int" value="1"/>
  <property name="AutoEnableProfiles" type="int" value="3"/>
  <property name="Default" type="empty">
    <property name="HDMI-0" type="string" value="GDH 52&quot;">
      <property name="Active" type="bool" value="true"/>
      <property name="EDID" type="string" value="e201882e0a5381dae45dd21805b154aab1c142ce"/>
      <property name="Resolution" type="string" value="1366x768"/>
      <property name="RefreshRate" type="double" value="59.789540816326529"/>
      <property name="ModeFlags" type="uint64" value="5"/>
      <property name="Rotation" type="int" value="0"/>
      <property name="Reflection" type="string" value="0"/>
      <property name="Primary" type="bool" value="false"/>
      <property name="Scale" type="double" value="1"/>
      <property name="Position" type="empty">
        <property name="X" type="int" value="0"/>
        <property name="Y" type="int" value="0"/>
      </property>
    </property>
  </property>
</channel>
