<?xml version="1.0"?>
<conf:configuration-backend-db xmlns:conf="http://openoffice.org/extensionmanager/configuration-registry/2010"><conf:configuration url="vnd.sun.star.expand:$UNO_USER_PACKAGES_CACHE/uno_packages/lu129191f14i.tmp_/DarkGray.oxt/Theme.xcu"><conf:ini-entry>$UNO_USER_PACKAGES_CACHE/uno_packages/lu129191f14i.tmp_/DarkGray.oxt/Theme.xcu</conf:ini-entry></conf:configuration><conf:configuration url="vnd.sun.star.expand:$UNO_USER_PACKAGES_CACHE/uno_packages/lu129191f14l.tmp_/LightAppColors.oxt/Theme.xcu"><conf:ini-entry>$UNO_USER_PACKAGES_CACHE/uno_packages/lu129191f14l.tmp_/LightAppColors.oxt/Theme.xcu</conf:ini-entry></conf:configuration></conf:configuration-backend-db>
