[
    {
        "data": [
            {
                "allowDdcCi": true,
                "allowSdrSoftwareBrightness": true,
                "autoRotation": "InTabletMode",
                "brightness": 0.16,
                "colorPowerTradeoff": "PreferEfficiency",
                "colorProfileSource": "sRGB",
                "connectorName": "HDMI-A-1",
                "detectedDdcCi": false,
                "edidHash": "72ae8852621603db5e9826d906e4f407",
                "edidIdentifier": "GDH 48 1 1 2022 0",
                "edrPolicy": "always",
                "highDynamicRange": false,
                "iccProfilePath": "",
                "mode": {
                    "height": 768,
                    "refreshRate": 59790,
                    "width": 1366
                },
                "overscan": 0,
                "rgbRange": "Automatic",
                "scale": 1,
                "sdrBrightness": 200,
                "sdrGamutWideness": 0,
                "transform": "Normal",
                "uuid": "1a78ff17-eeee-4953-bbc9-afe3f4eb1376",
                "vrrPolicy": "Never",
                "wideColorGamut": false
            },
            {
                "allowDdcCi": true,
                "allowSdrSoftwareBrightness": true,
                "autoRotation": "InTabletMode",
                "brightness": 1,
                "colorPowerTradeoff": "PreferEfficiency",
                "colorProfileSource": "sRGB",
                "connectorName": "Unknown-1",
                "detectedDdcCi": false,
                "edrPolicy": "always",
                "highDynamicRange": false,
                "iccProfilePath": "",
                "maxBitsPerColor": 0,
                "mode": {
                    "height": 768,
                    "refreshRate": 59999,
                    "width": 1024
                },
                "overscan": 0,
                "rgbRange": "Automatic",
                "scale": 1,
                "sdrBrightness": 200,
                "sdrGamutWideness": 0,
                "transform": "Normal",
                "uuid": "d32c0ff1-f490-4654-b9cf-b4fdc435373c",
                "vrrPolicy": "Never",
                "wideColorGamut": false
            }
        ],
        "name": "outputs"
    },
    {
        "data": [
            {
                "lidClosed": false,
                "outputs": [
                    {
                        "enabled": true,
                        "outputIndex": 0,
                        "position": {
                            "x": 0,
                            "y": 0
                        },
                        "priority": 0,
                        "replicationSource": ""
                    }
                ]
            },
            {
                "lidClosed": false,
                "outputs": [
                    {
                        "enabled": true,
                        "outputIndex": 1,
                        "position": {
                            "x": 0,
                            "y": 0
                        },
                        "priority": 0,
                        "replicationSource": ""
                    }
                ]
            }
        ],
        "name": "setups"
    }
]
