{"version":1,"resource":"file:///home/dya/.config/fastfetch/config.jsonc","entries":[{"id":"eCRh.jsonc","timestamp":1758707420018},{"id":"uW2M.jsonc","timestamp":1758707459241},{"id":"GjWX.jsonc","source":"undoRedo.source","timestamp":1758707484722},{"id":"owEL.jsonc","timestamp":1758707487636},{"id":"OCqC.jsonc","source":"undoRedo.source","timestamp":1758707492129},{"id":"vnls.jsonc","timestamp":1758707527545},{"id":"G7dc.jsonc","timestamp":1758707552834},{"id":"Bjp8.jsonc","timestamp":1758707563602},{"id":"5wez.jsonc","timestamp":1758707581825},{"id":"22g1.jsonc","timestamp":1758707608001},{"id":"qbDH.jsonc","timestamp":1758707632937},{"id":"EJLx.jsonc","timestamp":1758707646921},{"id":"tZI3.jsonc","timestamp":1758707658737},{"id":"RuC1.jsonc","source":"undoRedo.source","timestamp":1758707693544},{"id":"bF9G.jsonc","timestamp":1758707758244},{"id":"WQNq.jsonc","timestamp":1758707825889},{"id":"0enp.jsonc","timestamp":1758707838522},{"id":"y2xn.jsonc","timestamp":1758707876946},{"id":"sUHW.jsonc","timestamp":1758708235770},{"id":"EhTQ.jsonc","timestamp":1758708261672},{"id":"lusQ.jsonc","timestamp":1758708301265},{"id":"B5Ig.jsonc","timestamp":1758708334122},{"id":"lBgk.jsonc","source":"undoRedo.source","timestamp":1758708402705},{"id":"ZbFQ.jsonc","timestamp":1758708422080}]}